Discount,Profit
0.0,66.90029245518967
0.1,96.05507446808511
0.15,27.288298076923077
0.2,24.702572053595844
0.3,-45.67963612334801
0.32,-88.56065555555554
0.4,-111.9274291262136
0.45,-226.64646363636365
0.5,-310.7034560606061
0.6,-43.0772115942029
0.7,-95.87405956937799
0.8,-101.79679733333333
